true_delta_soc,pred_delta_soc,abs_error,rel_error_percent,category
-1.151656,-1.274611,0.122955,10.676332,Significant (>=0.5%)
-0.019634,-0.011836,0.007798,39.716839,Tiny (<0.5%)
-0.331316,-0.452432,0.121116,36.556099,Tiny (<0.5%)
-0.832358,-1.053324,0.220967,26.547102,Significant (>=0.5%)
-0.034582,-0.021569,0.013013,37.630489,Tiny (<0.5%)
-0.723770,-0.734433,0.010663,1.473271,Significant (>=0.5%)
-0.361925,-0.143959,0.217966,60.224037,Tiny (<0.5%)
-0.052344,-0.048563,0.003780,7.222423,Tiny (<0.5%)
-0.197737,-0.221964,0.024227,12.251982,Tiny (<0.5%)
-0.636621,-0.617348,0.019273,3.027415,Significant (>=0.5%)
-1.433677,-1.574783,0.141107,9.842289,Significant (>=0.5%)
-1.044072,-1.109579,0.065507,6.274200,Significant (>=0.5%)
0.000000,-0.027499,0.027499,192862128.000000,Tiny (<0.5%)
-1.124476,-1.274024,0.149548,13.299375,Significant (>=0.5%)
-0.043893,-0.036761,0.007132,16.248215,Tiny (<0.5%)
-0.794585,-0.778809,0.015775,1.985325,Significant (>=0.5%)
-0.284452,-0.277342,0.007111,2.499772,Tiny (<0.5%)
-0.441736,-0.321833,0.119903,27.143663,Tiny (<0.5%)
-0.477941,-0.578722,0.100781,21.086512,Tiny (<0.5%)
-1.615411,-1.348030,0.267380,16.551851,Significant (>=0.5%)
-0.282252,-0.682961,0.400708,141.968094,Tiny (<0.5%)
-0.740703,-1.006841,0.266138,35.930462,Significant (>=0.5%)
0.000000,0.011895,0.011895,83422944.000000,Tiny (<0.5%)
-0.253385,-0.240733,0.012652,4.993148,Tiny (<0.5%)
-0.828634,-0.794990,0.033643,4.060073,Significant (>=0.5%)
-0.921785,-1.373870,0.452085,49.044575,Significant (>=0.5%)
-0.754895,-0.765173,0.010278,1.361511,Significant (>=0.5%)
-0.257079,-0.290138,0.033059,12.859547,Tiny (<0.5%)
-0.931382,-0.894541,0.036841,3.955528,Significant (>=0.5%)
-0.462008,-0.357536,0.104472,22.612656,Tiny (<0.5%)
-1.278342,-1.563162,0.284819,22.280357,Significant (>=0.5%)
-0.181920,-0.153621,0.028299,15.555964,Tiny (<0.5%)
-0.492953,-0.766056,0.273103,55.401428,Tiny (<0.5%)
-0.230542,-0.213561,0.016981,7.365817,Tiny (<0.5%)
-0.297192,-0.304467,0.007274,2.447704,Tiny (<0.5%)
-1.327875,-1.355678,0.027803,2.093829,Significant (>=0.5%)
-1.255614,-1.249569,0.006045,0.481465,Significant (>=0.5%)
-0.054481,-0.017646,0.036836,67.611572,Tiny (<0.5%)
-0.137046,-0.211859,0.074814,54.590248,Tiny (<0.5%)
-0.852408,-1.847208,0.994800,116.704651,Significant (>=0.5%)
-0.141783,-0.150578,0.008796,6.203555,Tiny (<0.5%)
-1.627817,-0.485366,1.142452,70.183037,Significant (>=0.5%)
-1.943923,-1.237945,0.705978,36.317165,Significant (>=0.5%)
-1.041404,-0.874476,0.166929,16.029188,Significant (>=0.5%)
0.000000,-0.006720,0.006720,47132720.000000,Tiny (<0.5%)
-0.051331,-0.060324,0.008994,17.520727,Tiny (<0.5%)
-0.140249,-0.056969,0.083280,59.379925,Tiny (<0.5%)
-0.176259,-0.168169,0.008090,4.589942,Tiny (<0.5%)
-0.152321,-0.148317,0.004003,2.628273,Tiny (<0.5%)
-0.138817,-0.132698,0.006119,4.408004,Tiny (<0.5%)
-1.219442,-1.017219,0.202223,16.583231,Significant (>=0.5%)
-0.963132,-1.345921,0.382789,39.744144,Significant (>=0.5%)
-0.262776,-0.256179,0.006597,2.510495,Tiny (<0.5%)
-0.586071,-0.553883,0.032187,5.492079,Significant (>=0.5%)
-0.025270,-0.012848,0.012422,49.156315,Tiny (<0.5%)
-0.151353,-0.238207,0.086854,57.385284,Tiny (<0.5%)
-1.156935,-1.211172,0.054237,4.688024,Significant (>=0.5%)
-0.767238,-1.157434,0.390196,50.857307,Significant (>=0.5%)
-1.070188,-1.116125,0.045938,4.292487,Significant (>=0.5%)
-0.554919,-0.658334,0.103415,18.636082,Significant (>=0.5%)
-0.782485,-0.800569,0.018084,2.311151,Significant (>=0.5%)
-0.971159,-1.108370,0.137211,14.128566,Significant (>=0.5%)
-0.495249,-0.278560,0.216689,43.753487,Tiny (<0.5%)
-0.020808,-0.012721,0.008087,38.864838,Tiny (<0.5%)
-2.444858,-2.354082,0.090776,3.712954,Significant (>=0.5%)
-1.195161,-0.929733,0.265429,22.208599,Significant (>=0.5%)
-0.824084,-0.947608,0.123524,14.989185,Significant (>=0.5%)
-0.602734,-0.553469,0.049265,8.173655,Significant (>=0.5%)
-0.446516,-0.493985,0.047469,10.631079,Tiny (<0.5%)
-0.290363,-0.394281,0.103917,35.788773,Tiny (<0.5%)
-1.379583,-1.674468,0.294885,21.374901,Significant (>=0.5%)
-0.380326,-0.466241,0.085916,22.589994,Tiny (<0.5%)
-0.196424,-0.166696,0.029728,15.134509,Tiny (<0.5%)
-0.453985,-0.453495,0.000490,0.107922,Tiny (<0.5%)
-0.061822,-0.070428,0.008606,13.919941,Tiny (<0.5%)
-1.258141,-1.008432,0.249709,19.847490,Significant (>=0.5%)
-1.376538,-1.406305,0.029766,2.162413,Significant (>=0.5%)
-0.556387,-0.599530,0.043143,7.754131,Significant (>=0.5%)
-0.424867,-0.492023,0.067156,15.806474,Tiny (<0.5%)
-0.641518,-0.616549,0.024970,3.892281,Significant (>=0.5%)
-0.023919,-0.019864,0.004055,16.954370,Tiny (<0.5%)
-1.427131,-1.204267,0.222865,15.616265,Significant (>=0.5%)
-0.562299,-0.681950,0.119651,21.278971,Significant (>=0.5%)
-0.791911,-0.850101,0.058190,7.348073,Significant (>=0.5%)
-0.543254,-0.591915,0.048661,8.957388,Significant (>=0.5%)
-0.118107,-0.191869,0.073761,62.452686,Tiny (<0.5%)
0.000000,-0.236781,0.236781,1660647040.000000,Tiny (<0.5%)
-0.662869,-0.758357,0.095488,14.405237,Significant (>=0.5%)
-0.614071,-0.730025,0.115954,18.882847,Significant (>=0.5%)
-1.391591,-1.477042,0.085450,6.140481,Significant (>=0.5%)
-0.019960,-0.020816,0.000855,4.284536,Tiny (<0.5%)
-0.794038,-0.668389,0.125649,15.824038,Significant (>=0.5%)
-0.399051,-0.357535,0.041516,10.403564,Tiny (<0.5%)
-0.980900,-1.459356,0.478456,48.777306,Significant (>=0.5%)
-0.529272,-0.657339,0.128067,24.196877,Significant (>=0.5%)
-0.935410,-0.886692,0.048718,5.208181,Significant (>=0.5%)
-2.243661,-1.644834,0.598827,26.689726,Significant (>=0.5%)
-0.808937,-0.739317,0.069620,8.606371,Significant (>=0.5%)
-1.454905,-1.428823,0.026082,1.792689,Significant (>=0.5%)
-0.026125,-0.034211,0.008087,30.954456,Tiny (<0.5%)
-0.341316,-0.319499,0.021816,6.391797,Tiny (<0.5%)
-0.141651,-0.129211,0.012440,8.782177,Tiny (<0.5%)
-1.585026,-1.603629,0.018603,1.173685,Significant (>=0.5%)
-0.294209,-0.521310,0.227102,77.190804,Tiny (<0.5%)
-0.366094,-0.237202,0.128892,35.207348,Tiny (<0.5%)
-0.193749,-0.145637,0.048112,24.832058,Tiny (<0.5%)
-0.949365,-0.933075,0.016290,1.715865,Significant (>=0.5%)
-0.889078,-0.703644,0.185435,20.856949,Significant (>=0.5%)
-0.462500,-0.374742,0.087758,18.974762,Tiny (<0.5%)
-1.609282,-1.833960,0.224679,13.961415,Significant (>=0.5%)
0.000000,-0.301510,0.301510,2114613376.000000,Tiny (<0.5%)
-0.700751,-0.902422,0.201671,28.779343,Significant (>=0.5%)
-0.484293,-0.534582,0.050288,10.383873,Tiny (<0.5%)
-1.061947,-1.115575,0.053628,5.049990,Significant (>=0.5%)
-0.828294,-0.861244,0.032949,3.977973,Significant (>=0.5%)
-0.719878,-0.835751,0.115874,16.096287,Significant (>=0.5%)
-0.220606,-0.251123,0.030517,13.833300,Tiny (<0.5%)
-0.208487,-0.178190,0.030297,14.531660,Tiny (<0.5%)
-1.194735,-1.193144,0.001591,0.133195,Significant (>=0.5%)
-2.728260,-2.117784,0.610476,22.376020,Significant (>=0.5%)
-0.635457,-1.058172,0.422715,66.521492,Significant (>=0.5%)
-1.255775,-1.382206,0.126431,10.067933,Significant (>=0.5%)
-0.230672,-0.199299,0.031373,13.600620,Tiny (<0.5%)
0.000000,0.006865,0.006865,48145616.000000,Tiny (<0.5%)
-1.986957,-1.858352,0.128606,6.472495,Significant (>=0.5%)
-1.754452,-1.275793,0.478660,27.282566,Significant (>=0.5%)
0.000000,0.003876,0.003875,27180460.000000,Tiny (<0.5%)
-0.184221,-0.153659,0.030562,16.589758,Tiny (<0.5%)
-0.611042,-0.567107,0.043934,7.190035,Significant (>=0.5%)
-0.873836,-0.665943,0.207893,23.790813,Significant (>=0.5%)
-0.062812,-0.069755,0.006943,11.053155,Tiny (<0.5%)
-0.038843,-0.034892,0.003951,10.172083,Tiny (<0.5%)
-0.605292,-0.928908,0.323615,53.464329,Significant (>=0.5%)
-0.685783,-0.752009,0.066226,9.656986,Significant (>=0.5%)
-0.269924,-0.268088,0.001835,0.679950,Tiny (<0.5%)
-1.727830,-1.147019,0.580811,33.615063,Significant (>=0.5%)
-0.768734,-0.832994,0.064260,8.359182,Significant (>=0.5%)
-1.451277,-1.034442,0.416835,28.721937,Significant (>=0.5%)
-0.220704,-0.184607,0.036097,16.355537,Tiny (<0.5%)
-0.501619,-0.546644,0.045025,8.975950,Significant (>=0.5%)
0.000000,-0.014570,0.014570,102187992.000000,Tiny (<0.5%)
-0.095940,-0.099677,0.003737,3.895440,Tiny (<0.5%)
-0.609302,-0.598363,0.010938,1.795227,Significant (>=0.5%)
-0.911852,-0.866711,0.045142,4.950555,Significant (>=0.5%)
-0.256728,-0.289820,0.033092,12.889918,Tiny (<0.5%)
-0.823419,-0.646133,0.177285,21.530392,Significant (>=0.5%)
-0.470712,-0.516321,0.045609,9.689361,Tiny (<0.5%)
-1.085210,-1.045580,0.039630,3.651843,Significant (>=0.5%)
-0.546928,-0.601908,0.054980,10.052486,Significant (>=0.5%)
-0.509243,-0.643177,0.133934,26.300669,Significant (>=0.5%)
-0.628622,-0.976227,0.347604,55.296219,Significant (>=0.5%)
0.000000,-0.019800,0.019800,138866992.000000,Tiny (<0.5%)
-1.645945,-1.151067,0.494878,30.066507,Significant (>=0.5%)
-0.420606,-0.609441,0.188835,44.895988,Tiny (<0.5%)
-0.496054,-0.535941,0.039887,8.040783,Tiny (<0.5%)
-0.055173,-0.052275,0.002898,5.252527,Tiny (<0.5%)
-0.743136,-0.953776,0.210641,28.344845,Significant (>=0.5%)
-1.120145,-1.436814,0.316669,28.270378,Significant (>=0.5%)
-2.461998,-2.239107,0.222891,9.053259,Significant (>=0.5%)
-0.181629,-0.132054,0.049575,27.294445,Tiny (<0.5%)
-0.705787,-0.533259,0.172528,24.444727,Significant (>=0.5%)
-1.454585,-1.235826,0.218760,15.039312,Significant (>=0.5%)
-1.659999,-0.759547,0.900452,54.244148,Significant (>=0.5%)
-1.370560,-1.252697,0.117863,8.599593,Significant (>=0.5%)
-0.446642,-0.454617,0.007975,1.785550,Tiny (<0.5%)
-0.030589,-0.033974,0.003385,11.066408,Tiny (<0.5%)
-0.044563,-0.045328,0.000765,1.717001,Tiny (<0.5%)
-0.162302,-0.139909,0.022392,13.796565,Tiny (<0.5%)
-0.137353,-0.120807,0.016547,12.046822,Tiny (<0.5%)
-0.678027,-0.688481,0.010455,1.541942,Significant (>=0.5%)
-0.626164,-0.806482,0.180318,28.797186,Significant (>=0.5%)
-0.564737,-0.777081,0.212343,37.600368,Significant (>=0.5%)
-0.191879,-0.256339,0.064461,33.594353,Tiny (<0.5%)
-1.099704,-1.024560,0.075145,6.833158,Significant (>=0.5%)
-0.612826,-0.541797,0.071028,11.590311,Significant (>=0.5%)
-1.288610,-1.278731,0.009879,0.766667,Significant (>=0.5%)
-0.631778,-0.833829,0.202050,31.981199,Significant (>=0.5%)
-0.615288,-0.697104,0.081816,13.297184,Significant (>=0.5%)
-1.324596,-0.962871,0.361725,27.308325,Significant (>=0.5%)
-0.609415,-0.670978,0.061563,10.101969,Significant (>=0.5%)
-1.181038,-1.292740,0.111702,9.457931,Significant (>=0.5%)
-0.232032,-0.221201,0.010831,4.668029,Tiny (<0.5%)
-0.446036,-0.303172,0.142863,32.029526,Tiny (<0.5%)
-0.063726,-0.024932,0.038793,60.875656,Tiny (<0.5%)
-1.509221,-1.080215,0.429005,28.425621,Significant (>=0.5%)
-0.687459,-0.700696,0.013237,1.925558,Significant (>=0.5%)
-2.221058,-1.473786,0.747272,33.644855,Significant (>=0.5%)
-0.440828,-0.412158,0.028670,6.503587,Tiny (<0.5%)
-1.406558,-1.553095,0.146537,10.418130,Significant (>=0.5%)
-0.506051,-0.619770,0.113718,22.471697,Significant (>=0.5%)
-1.066206,-1.342080,0.275874,25.874376,Significant (>=0.5%)
-0.154684,-0.202469,0.047784,30.891470,Tiny (<0.5%)
0.000000,-0.007321,0.007321,51343564.000000,Tiny (<0.5%)
-0.390195,-0.440429,0.050235,12.874256,Tiny (<0.5%)
-0.016921,-0.001561,0.015360,90.774025,Tiny (<0.5%)
-0.929401,-0.658119,0.271282,29.188908,Significant (>=0.5%)
-0.347097,-0.297144,0.049953,14.391725,Tiny (<0.5%)
-0.102779,-0.123374,0.020595,20.038301,Tiny (<0.5%)
-2.318034,-2.047316,0.270717,11.678751,Significant (>=0.5%)
-1.894921,-2.090838,0.195917,10.339033,Significant (>=0.5%)
-1.688539,-2.008810,0.320270,18.967304,Significant (>=0.5%)
-1.085394,-1.195667,0.110273,10.159698,Significant (>=0.5%)
-1.501989,-1.306943,0.195046,12.985855,Significant (>=0.5%)
-1.307605,-1.159208,0.148396,11.348727,Significant (>=0.5%)
-0.107703,-0.129951,0.022248,20.656664,Tiny (<0.5%)
-1.600268,-0.862662,0.737606,46.092644,Significant (>=0.5%)
-0.536895,-0.347211,0.189684,35.329826,Significant (>=0.5%)
-0.110584,-0.123065,0.012481,11.286419,Tiny (<0.5%)
-0.352324,-0.287203,0.065121,18.483278,Tiny (<0.5%)
-2.336354,-1.987975,0.348379,14.911228,Significant (>=0.5%)
-0.971799,-1.684637,0.712838,73.352356,Significant (>=0.5%)
-1.961212,-1.205989,0.755223,38.507977,Significant (>=0.5%)
-0.019054,-0.005256,0.013798,72.416489,Tiny (<0.5%)
-0.886412,-0.831840,0.054572,6.156490,Significant (>=0.5%)
-1.486764,-1.233340,0.253424,17.045328,Significant (>=0.5%)
-0.979360,-0.823460,0.155899,15.918511,Significant (>=0.5%)
-1.317481,-1.187627,0.129853,9.856188,Significant (>=0.5%)
-0.470126,-0.416729,0.053397,11.358070,Tiny (<0.5%)
-0.063726,-0.024593,0.039133,61.408051,Tiny (<0.5%)
-0.472619,-0.421901,0.050718,10.731299,Tiny (<0.5%)
-0.556012,-0.634943,0.078931,14.195977,Significant (>=0.5%)
-1.436052,-1.755061,0.319009,22.214327,Significant (>=0.5%)
-0.273827,-0.305967,0.032141,11.737553,Tiny (<0.5%)
-0.786575,-1.064859,0.278284,35.379158,Significant (>=0.5%)
-0.564824,-0.574324,0.009501,1.682083,Significant (>=0.5%)
-0.205259,-0.207843,0.002584,1.258842,Tiny (<0.5%)
-1.473687,-1.510910,0.037223,2.525833,Significant (>=0.5%)
-0.843599,-0.749876,0.093723,11.109918,Significant (>=0.5%)
-1.036562,-0.968588,0.067974,6.557609,Significant (>=0.5%)
-0.808994,-1.348617,0.539623,66.703049,Significant (>=0.5%)
-0.466886,-0.511669,0.044783,9.591826,Tiny (<0.5%)
-0.019801,-0.010565,0.009236,46.645405,Tiny (<0.5%)
-0.829544,-0.811119,0.018424,2.220999,Significant (>=0.5%)
-1.316866,-1.544854,0.227989,17.312975,Significant (>=0.5%)
-1.626834,-1.757261,0.130427,8.017220,Significant (>=0.5%)
-0.179305,-0.164637,0.014668,8.180458,Tiny (<0.5%)
-0.026521,-0.019230,0.007291,27.492481,Tiny (<0.5%)
-0.238433,-0.323990,0.085557,35.883053,Tiny (<0.5%)
0.000000,-0.129411,0.129411,907612480.000000,Tiny (<0.5%)
-0.139119,-0.145437,0.006318,4.541369,Tiny (<0.5%)
-0.179679,-0.163500,0.016179,9.004268,Tiny (<0.5%)
-0.831959,-0.818410,0.013549,1.628605,Significant (>=0.5%)
-0.457931,-0.565063,0.107132,23.394753,Tiny (<0.5%)
-0.542112,-0.454954,0.087157,16.077354,Significant (>=0.5%)
-0.495979,-0.601730,0.105751,21.321762,Tiny (<0.5%)
-0.763760,-1.015544,0.251784,32.966373,Significant (>=0.5%)
-0.403064,-0.397202,0.005862,1.454374,Tiny (<0.5%)
-2.000000,-1.411803,0.588197,29.409842,Significant (>=0.5%)
-0.556118,-0.575392,0.019274,3.465832,Significant (>=0.5%)
-0.489706,-0.491825,0.002119,0.432722,Tiny (<0.5%)
-0.384031,-0.414394,0.030364,7.906591,Tiny (<0.5%)
-0.016636,-0.007024,0.009612,57.776707,Tiny (<0.5%)
-1.193722,-1.225188,0.031466,2.635917,Significant (>=0.5%)
-0.431061,-0.472185,0.041124,9.540236,Tiny (<0.5%)
-0.022276,-0.032104,0.009829,44.124271,Tiny (<0.5%)
-0.228206,-0.156368,0.071838,31.479368,Tiny (<0.5%)
-0.028577,-0.030541,0.001964,6.873857,Tiny (<0.5%)
-0.482878,-0.382626,0.100252,20.761293,Tiny (<0.5%)
-1.072354,-0.851020,0.221335,20.640064,Significant (>=0.5%)
0.000000,-0.017632,0.017632,123658136.000000,Tiny (<0.5%)
-0.152087,-0.128055,0.024031,15.800940,Tiny (<0.5%)
0.000000,-0.304185,0.304185,2133375744.000000,Tiny (<0.5%)
-0.350585,-0.215527,0.135058,38.523540,Tiny (<0.5%)
-1.039094,-0.808445,0.230650,22.197184,Significant (>=0.5%)
-0.288478,-0.381046,0.092567,32.088203,Tiny (<0.5%)
-0.500532,-0.395598,0.104934,20.964397,Significant (>=0.5%)
-0.104798,-0.126932,0.022134,21.120440,Tiny (<0.5%)
-1.341645,-1.287462,0.054183,4.038559,Significant (>=0.5%)
-0.251476,-0.257535,0.006059,2.409290,Tiny (<0.5%)
-0.199880,-0.169278,0.030603,15.310439,Tiny (<0.5%)
-0.361576,-0.150363,0.211213,58.414520,Tiny (<0.5%)
-1.091489,-0.852370,0.239119,21.907555,Significant (>=0.5%)
-0.761477,-0.787606,0.026129,3.431344,Significant (>=0.5%)
-0.034519,-0.036486,0.001967,5.699808,Tiny (<0.5%)
-0.594111,-0.697940,0.103829,17.476385,Significant (>=0.5%)
-0.028937,-0.042290,0.013353,46.146137,Tiny (<0.5%)
-0.247142,-0.139675,0.107467,43.483955,Tiny (<0.5%)
-1.042452,-1.500924,0.458472,43.980186,Significant (>=0.5%)
-0.639464,-0.663424,0.023960,3.746899,Significant (>=0.5%)
-1.084627,-1.182485,0.097858,9.022272,Significant (>=0.5%)
-0.304099,-0.291849,0.012250,4.028144,Tiny (<0.5%)
-0.372096,-0.417545,0.045449,12.214179,Tiny (<0.5%)
-0.526293,-0.714265,0.187972,35.716152,Significant (>=0.5%)
-0.231579,-0.260216,0.028636,12.365655,Tiny (<0.5%)
-0.064425,-0.064133,0.000292,0.453984,Tiny (<0.5%)
-1.526660,-0.814595,0.712065,46.641994,Significant (>=0.5%)
-0.037251,-0.035629,0.001622,4.353505,Tiny (<0.5%)
-1.199667,-1.140935,0.058732,4.895713,Significant (>=0.5%)
-0.345503,-0.297956,0.047548,13.761899,Tiny (<0.5%)
-0.378009,-0.430956,0.052948,14.007033,Tiny (<0.5%)
-0.512574,-0.506538,0.006036,1.177561,Significant (>=0.5%)
-1.284915,-1.485728,0.200813,15.628483,Significant (>=0.5%)
-0.666847,-0.717382,0.050535,7.578205,Significant (>=0.5%)
-0.204571,-0.206350,0.001779,0.869560,Tiny (<0.5%)
-0.021579,-0.044304,0.022724,105.305550,Tiny (<0.5%)
-0.137331,-0.150951,0.013620,9.917511,Tiny (<0.5%)
-0.171386,-0.179636,0.008251,4.814246,Tiny (<0.5%)
-0.471318,-0.374871,0.096447,20.463221,Tiny (<0.5%)
-0.013093,-0.002018,0.011075,84.588684,Tiny (<0.5%)
-0.460738,-0.566514,0.105776,22.957983,Tiny (<0.5%)
-0.408383,-0.451859,0.043476,10.645857,Tiny (<0.5%)
-0.635618,-0.657095,0.021477,3.378847,Significant (>=0.5%)
-1.000000,-1.296883,0.296883,29.688286,Significant (>=0.5%)
-1.451128,-1.525727,0.074598,5.140694,Significant (>=0.5%)
-1.468578,-1.537105,0.068527,4.666238,Significant (>=0.5%)
-0.725812,-0.812093,0.086281,11.887562,Significant (>=0.5%)
-0.141759,-0.168208,0.026449,18.657372,Tiny (<0.5%)
-2.221143,-2.262994,0.041852,1.884234,Significant (>=0.5%)
-1.848394,-1.578305,0.270089,14.612097,Significant (>=0.5%)
-0.742483,-0.630849,0.111634,15.035211,Significant (>=0.5%)
-0.417388,-0.518592,0.101203,24.246811,Tiny (<0.5%)
-0.261622,-0.254572,0.007050,2.694587,Tiny (<0.5%)
-0.044616,-0.035805,0.008812,19.749546,Tiny (<0.5%)
-1.515372,-1.254474,0.260898,17.216761,Significant (>=0.5%)
-0.017489,-0.007801,0.009689,55.398567,Tiny (<0.5%)
-1.633262,-1.669476,0.036214,2.217251,Significant (>=0.5%)
-1.165493,-1.239365,0.073872,6.338238,Significant (>=0.5%)
-1.880358,-1.086482,0.793877,42.219429,Significant (>=0.5%)
-0.451320,-0.625781,0.174461,38.655804,Tiny (<0.5%)
-1.436019,-1.383615,0.052404,3.649266,Significant (>=0.5%)
-0.116504,-0.247697,0.131193,112.607994,Tiny (<0.5%)
-0.687293,-0.726256,0.038964,5.669137,Significant (>=0.5%)
-0.022565,-0.033254,0.010689,47.371761,Tiny (<0.5%)
-0.482623,-0.583066,0.100442,20.811758,Tiny (<0.5%)
-0.227951,-0.155934,0.072017,31.593073,Tiny (<0.5%)
-0.889882,-0.819134,0.070748,7.950224,Significant (>=0.5%)
-1.484548,-1.453825,0.030723,2.069549,Significant (>=0.5%)
-0.554633,-0.545730,0.008903,1.605158,Significant (>=0.5%)
-0.488055,-0.476657,0.011397,2.335281,Tiny (<0.5%)
-0.176904,-0.123276,0.053628,30.314753,Tiny (<0.5%)
-1.412019,-1.375486,0.036533,2.587280,Significant (>=0.5%)
-0.225816,-0.153204,0.072611,32.155182,Tiny (<0.5%)
-0.994055,-1.213626,0.219571,22.088373,Significant (>=0.5%)
-1.105905,-1.362310,0.256405,23.185120,Significant (>=0.5%)
-1.568508,-1.451525,0.116983,7.458231,Significant (>=0.5%)
-1.879963,-2.255150,0.375186,19.957115,Significant (>=0.5%)
-1.747069,-1.744064,0.003005,0.172011,Significant (>=0.5%)
-0.467320,-0.466861,0.000459,0.098127,Tiny (<0.5%)
-1.711926,-1.873911,0.161986,9.462189,Significant (>=0.5%)
-0.453440,-0.254559,0.198881,43.860470,Tiny (<0.5%)
-0.647916,-0.712509,0.064593,9.969371,Significant (>=0.5%)
-0.773818,-0.568029,0.205789,26.593977,Significant (>=0.5%)
-0.702718,-0.368012,0.334706,47.630207,Significant (>=0.5%)
-0.481376,-0.436301,0.045076,9.363893,Tiny (<0.5%)
-0.179172,-0.124397,0.054775,30.571070,Tiny (<0.5%)
-0.044936,-0.056448,0.011512,25.618462,Tiny (<0.5%)
-0.019960,-0.015554,0.004406,22.073656,Tiny (<0.5%)
-0.209866,-0.174242,0.035624,16.974640,Tiny (<0.5%)
-0.068896,-0.076662,0.007767,11.273174,Tiny (<0.5%)
-0.130900,-0.151465,0.020566,15.711048,Tiny (<0.5%)
-0.409995,-0.626024,0.216028,52.690475,Tiny (<0.5%)
-0.528739,-0.613337,0.084598,16.000051,Significant (>=0.5%)
-1.189999,-1.249669,0.059671,5.014369,Significant (>=0.5%)
-1.075626,-0.231008,0.844618,78.523384,Significant (>=0.5%)
-2.257009,-1.526665,0.730343,32.358906,Significant (>=0.5%)
-0.193602,-0.229636,0.036034,18.612404,Tiny (<0.5%)
-1.000000,-0.776533,0.223467,22.346687,Significant (>=0.5%)
-0.315153,-0.317076,0.001923,0.610311,Tiny (<0.5%)
-0.909947,-1.475713,0.565766,62.175758,Significant (>=0.5%)
-0.265532,-0.258368,0.007164,2.698116,Tiny (<0.5%)
-0.206136,-0.236263,0.030127,14.614857,Tiny (<0.5%)
-0.968392,-0.915714,0.052678,5.439713,Significant (>=0.5%)
-0.534545,-0.533090,0.001455,0.272252,Significant (>=0.5%)
-0.044181,-0.037248,0.006933,15.691954,Tiny (<0.5%)
-0.292667,-0.211202,0.081464,27.835209,Tiny (<0.5%)
-0.193223,-0.213480,0.020257,10.483562,Tiny (<0.5%)
-0.501009,-0.544125,0.043116,8.605866,Significant (>=0.5%)
-1.199661,-1.324384,0.124723,10.396506,Significant (>=0.5%)
-2.395118,-2.234307,0.160811,6.714133,Significant (>=0.5%)
-0.811912,-0.783413,0.028499,3.510074,Significant (>=0.5%)
-0.934940,-1.301696,0.366756,39.227791,Significant (>=0.5%)
-0.304463,-0.215922,0.088541,29.080927,Tiny (<0.5%)
-0.406106,-0.438721,0.032615,8.031179,Tiny (<0.5%)
-0.133671,-0.298418,0.164747,123.247780,Tiny (<0.5%)
-0.216552,-0.206736,0.009816,4.532798,Tiny (<0.5%)
-1.257337,-1.114916,0.142421,11.327206,Significant (>=0.5%)
-0.537122,-0.529327,0.007795,1.451237,Significant (>=0.5%)
-0.999042,-1.056919,0.057877,5.793262,Significant (>=0.5%)
-1.068403,-1.138970,0.070566,6.604837,Significant (>=0.5%)
-0.214576,-0.209797,0.004779,2.227377,Tiny (<0.5%)
-0.844496,-0.573521,0.270974,32.087116,Significant (>=0.5%)
-1.376163,-1.308983,0.067179,4.881650,Significant (>=0.5%)
-1.661678,-1.278992,0.382686,23.030067,Significant (>=0.5%)
-0.286363,-0.339563,0.053200,18.577967,Tiny (<0.5%)
-1.287324,-1.187071,0.100253,7.787731,Significant (>=0.5%)
-1.720060,-1.683646,0.036414,2.117000,Significant (>=0.5%)
-1.028645,-1.337968,0.309323,30.070946,Significant (>=0.5%)
-0.220198,-0.220811,0.000613,0.278279,Tiny (<0.5%)
-1.720354,-1.136594,0.583760,33.932556,Significant (>=0.5%)
-0.181884,-0.190519,0.008635,4.747712,Tiny (<0.5%)
-1.442848,-1.499090,0.056242,3.898000,Significant (>=0.5%)
-1.149404,-1.408062,0.258658,22.503660,Significant (>=0.5%)
-1.532278,-1.423066,0.109211,7.127378,Significant (>=0.5%)
-0.200619,-0.194657,0.005962,2.971867,Tiny (<0.5%)
-0.349993,-0.335210,0.014783,4.223806,Tiny (<0.5%)
-1.191596,-1.052258,0.139338,11.693408,Significant (>=0.5%)
-0.193928,-0.280430,0.086502,44.604908,Tiny (<0.5%)
-0.291965,-0.277616,0.014349,4.914600,Tiny (<0.5%)
-0.182007,-0.129541,0.052466,28.826336,Tiny (<0.5%)
-1.244300,-1.450383,0.206082,16.562107,Significant (>=0.5%)
-0.993601,-0.564250,0.429351,43.211594,Significant (>=0.5%)
-0.811162,-0.842874,0.031712,3.909460,Significant (>=0.5%)
-1.170884,-1.601525,0.430640,36.779068,Significant (>=0.5%)
-0.515543,-0.526354,0.010811,2.096973,Significant (>=0.5%)
-0.201370,-0.206983,0.005613,2.787558,Tiny (<0.5%)
-0.016636,-0.006993,0.009644,57.968391,Tiny (<0.5%)
-0.193127,-0.183001,0.010126,5.242989,Tiny (<0.5%)
-0.687459,-0.697804,0.010345,1.504806,Significant (>=0.5%)
-0.758630,-0.760280,0.001651,0.217573,Significant (>=0.5%)
-0.846847,-1.087753,0.240906,28.447447,Significant (>=0.5%)
-0.762873,-0.854315,0.091442,11.986582,Significant (>=0.5%)
-1.394224,-0.926372,0.467852,33.556427,Significant (>=0.5%)
-0.022193,-0.011885,0.010308,46.448090,Tiny (<0.5%)
-1.982588,-1.381213,0.601375,30.332836,Significant (>=0.5%)
-0.741522,-0.681315,0.060207,8.119364,Significant (>=0.5%)
-0.494168,-0.456253,0.037915,7.672496,Tiny (<0.5%)
0.000000,-0.036656,0.036656,257084000.000000,Tiny (<0.5%)
-1.113841,-0.973257,0.140584,12.621540,Significant (>=0.5%)
-0.014283,-0.004572,0.009711,67.992523,Tiny (<0.5%)
-1.287918,-0.878259,0.409659,31.807867,Significant (>=0.5%)
-0.213504,-0.116551,0.096953,45.410370,Tiny (<0.5%)
-1.645792,-1.233115,0.412676,25.074640,Significant (>=0.5%)
-0.950688,-1.012547,0.061859,6.506779,Significant (>=0.5%)
-1.420196,-1.469270,0.049074,3.455408,Significant (>=0.5%)
-0.484962,-0.473448,0.011514,2.374268,Tiny (<0.5%)
-0.015418,-0.017942,0.002524,16.373444,Tiny (<0.5%)
-0.702199,-0.716942,0.014743,2.099594,Significant (>=0.5%)
-0.221098,-0.182892,0.038206,17.280210,Tiny (<0.5%)
-0.014191,-0.003744,0.010448,73.620575,Tiny (<0.5%)
-0.345924,-0.343330,0.002594,0.749959,Tiny (<0.5%)
-0.836039,-0.917324,0.081285,9.722632,Significant (>=0.5%)
0.000000,-0.385301,0.385301,2702275840.000000,Tiny (<0.5%)
-0.786705,-0.913891,0.127186,16.166885,Significant (>=0.5%)
-0.009428,-0.016374,0.006946,73.671997,Tiny (<0.5%)
-0.462910,-0.741449,0.278539,60.171413,Tiny (<0.5%)
-0.019960,-0.017368,0.002592,12.985596,Tiny (<0.5%)
-1.982175,-1.732775,0.249400,12.582130,Significant (>=0.5%)
-1.197852,-1.117349,0.080503,6.720652,Significant (>=0.5%)
-1.613123,-1.868901,0.255779,15.856121,Significant (>=0.5%)
-0.031123,-0.033801,0.002677,8.602507,Tiny (<0.5%)
-0.987095,-1.034490,0.047394,4.801394,Significant (>=0.5%)
-0.305538,-0.205759,0.099778,32.656590,Tiny (<0.5%)
-0.014438,-0.035156,0.020718,143.490952,Tiny (<0.5%)
-0.019634,-0.011605,0.008029,40.893234,Tiny (<0.5%)
-0.470680,-0.153057,0.317623,67.481819,Tiny (<0.5%)
-0.494299,-0.542205,0.047906,9.691685,Tiny (<0.5%)
-0.393863,-0.313735,0.080129,20.344271,Tiny (<0.5%)
-0.189883,-0.180960,0.008924,4.699532,Tiny (<0.5%)
-0.722173,-0.633087,0.089086,12.335782,Significant (>=0.5%)
-0.584067,-0.582587,0.001480,0.253464,Significant (>=0.5%)
-0.886217,-0.852101,0.034115,3.849546,Significant (>=0.5%)
-1.674929,-1.704071,0.029142,1.739889,Significant (>=0.5%)
-2.615872,-2.207533,0.408339,15.610045,Significant (>=0.5%)
-1.752010,-1.737286,0.014724,0.840434,Significant (>=0.5%)
-0.390514,-0.403913,0.013399,3.431139,Tiny (<0.5%)
-1.431970,-0.712915,0.719055,50.214394,Significant (>=0.5%)
-0.259958,-0.261074,0.001116,0.429119,Tiny (<0.5%)
-2.425493,-2.283170,0.142323,5.867787,Significant (>=0.5%)
-1.312075,-1.429011,0.116936,8.912290,Significant (>=0.5%)
-1.500233,-1.872581,0.372348,24.819357,Significant (>=0.5%)
-0.547674,-0.607133,0.059460,10.856750,Significant (>=0.5%)
-0.970904,-0.872620,0.098283,10.122878,Significant (>=0.5%)
-1.221549,-1.240627,0.019078,1.561789,Significant (>=0.5%)
-0.699820,-0.950666,0.250846,35.844273,Significant (>=0.5%)
-0.165382,-0.201170,0.035787,21.639067,Tiny (<0.5%)
-0.046119,-0.047405,0.001286,2.788373,Tiny (<0.5%)
-1.083271,-0.879560,0.203711,18.805180,Significant (>=0.5%)
-0.019743,-0.018261,0.001482,7.507229,Tiny (<0.5%)
-1.317206,-1.387746,0.070541,5.355345,Significant (>=0.5%)
0.000000,-0.220616,0.220616,1547270912.000000,Tiny (<0.5%)
-0.433149,-0.619594,0.186445,43.044044,Tiny (<0.5%)
-0.019634,-0.010260,0.009373,47.740601,Tiny (<0.5%)
0.000000,-0.012814,0.012814,89867328.000000,Tiny (<0.5%)
-0.048241,-0.053943,0.005702,11.820709,Tiny (<0.5%)
-0.254923,-0.256821,0.001898,0.744440,Tiny (<0.5%)
-1.334883,-1.857247,0.522364,39.131824,Significant (>=0.5%)
-0.483516,-0.528210,0.044694,9.243441,Tiny (<0.5%)
-0.943445,-0.803190,0.140255,14.866296,Significant (>=0.5%)
-1.198288,-1.098118,0.100170,8.359456,Significant (>=0.5%)
-1.532540,-2.039490,0.506949,33.079021,Significant (>=0.5%)
-0.480385,-0.482530,0.002145,0.446465,Tiny (<0.5%)
-0.110333,-0.117329,0.006997,6.341336,Tiny (<0.5%)
-0.457496,-0.507040,0.049544,10.829362,Tiny (<0.5%)
-0.466010,-0.545835,0.079825,17.129429,Tiny (<0.5%)
-0.037934,-0.032231,0.005703,15.034527,Tiny (<0.5%)
-0.185871,-0.214380,0.028509,15.338074,Tiny (<0.5%)
-0.678679,-0.749655,0.070976,10.458006,Significant (>=0.5%)
-1.787675,-1.574603,0.213071,11.918916,Significant (>=0.5%)
-0.896734,-1.033084,0.136350,15.205203,Significant (>=0.5%)
-0.145286,-0.152978,0.007692,5.294496,Tiny (<0.5%)
-0.025270,-0.012921,0.012349,48.869965,Tiny (<0.5%)
-0.338884,-0.416504,0.077620,22.904667,Tiny (<0.5%)
-1.685123,-1.862888,0.177764,10.549030,Significant (>=0.5%)
-0.020589,-0.020770,0.000181,0.880668,Tiny (<0.5%)
-0.890590,-1.174074,0.283484,31.831059,Significant (>=0.5%)
-1.159648,-1.315911,0.156263,13.475073,Significant (>=0.5%)
-0.439374,-0.440664,0.001289,0.293442,Tiny (<0.5%)
-2.704333,-1.830437,0.873896,32.314648,Significant (>=0.5%)
-0.438982,-0.408841,0.030140,6.865921,Tiny (<0.5%)
-0.020589,-0.021312,0.000723,3.513985,Tiny (<0.5%)
-0.490967,-0.336122,0.154846,31.538864,Tiny (<0.5%)
-0.247213,-0.242745,0.004468,1.807300,Tiny (<0.5%)
-1.585640,-2.024833,0.439193,27.698132,Significant (>=0.5%)
-0.039103,-0.040081,0.000978,2.501670,Tiny (<0.5%)
-0.366982,-0.413946,0.046964,12.797417,Tiny (<0.5%)
-0.394228,-0.308212,0.086016,21.818890,Tiny (<0.5%)
-0.010909,-0.020120,0.009212,84.446182,Tiny (<0.5%)
-0.019634,-0.010399,0.009235,47.034763,Tiny (<0.5%)
-0.257698,-0.258907,0.001209,0.469174,Tiny (<0.5%)
-0.707285,-0.791934,0.084649,11.968139,Significant (>=0.5%)
-0.019960,-0.015509,0.004451,22.300901,Tiny (<0.5%)
-0.014283,-0.003244,0.011039,77.288071,Tiny (<0.5%)
-0.383287,-0.385735,0.002448,0.638715,Tiny (<0.5%)
-1.553497,-1.251367,0.302130,19.448366,Significant (>=0.5%)
-1.648267,-1.680969,0.032702,1.984051,Significant (>=0.5%)
-0.295847,-0.512026,0.216179,73.071190,Tiny (<0.5%)
-1.740200,-1.723246,0.016954,0.974259,Significant (>=0.5%)
-0.184773,-0.241294,0.056521,30.589603,Tiny (<0.5%)
-0.481113,-0.506406,0.025292,5.257025,Tiny (<0.5%)
-1.151368,-1.311277,0.159909,13.888626,Significant (>=0.5%)
-2.962336,-2.468858,0.493478,16.658403,Significant (>=0.5%)
-0.952232,-1.157162,0.204930,21.521053,Significant (>=0.5%)
-0.019969,-0.013023,0.006947,34.786068,Tiny (<0.5%)
-0.437994,-0.543228,0.105234,24.026289,Tiny (<0.5%)
-0.796525,-0.710847,0.085678,10.756472,Significant (>=0.5%)
-0.196773,-0.196809,0.000037,0.018568,Tiny (<0.5%)
-0.854760,-0.863583,0.008823,1.032224,Significant (>=0.5%)
-0.652168,-0.851798,0.199629,30.610106,Significant (>=0.5%)
-0.082012,-0.136240,0.054228,66.122055,Tiny (<0.5%)
-0.222723,-0.211137,0.011586,5.202066,Tiny (<0.5%)
-0.941595,-1.078817,0.137222,14.573333,Significant (>=0.5%)
-0.676248,-0.709706,0.033459,4.947701,Significant (>=0.5%)
0.000000,-0.556385,0.556385,3902157568.000000,Tiny (<0.5%)
-0.014008,-0.003528,0.010481,74.815735,Tiny (<0.5%)
-1.223346,-1.251709,0.028363,2.318506,Significant (>=0.5%)
-1.430934,-1.300744,0.130189,9.098214,Significant (>=0.5%)
-0.150290,-0.220575,0.070285,46.765934,Tiny (<0.5%)
-0.323975,-0.295789,0.028186,8.700136,Tiny (<0.5%)
-0.736787,-0.963099,0.226312,30.716089,Significant (>=0.5%)
-0.173894,-0.177332,0.003438,1.977017,Tiny (<0.5%)
-0.914367,-1.022750,0.108383,11.853353,Significant (>=0.5%)
-0.395238,-0.422197,0.026959,6.820895,Tiny (<0.5%)
-0.222249,-0.215192,0.007056,3.174980,Tiny (<0.5%)
-1.291797,-1.254765,0.037032,2.866715,Significant (>=0.5%)
-0.556254,-0.548308,0.007945,1.428380,Significant (>=0.5%)
-0.221196,-0.152399,0.068797,31.102240,Tiny (<0.5%)
-0.206235,-0.157969,0.048265,23.403099,Tiny (<0.5%)
-1.626587,-1.439456,0.187132,11.504550,Significant (>=0.5%)
-0.025519,-0.036465,0.010945,42.890400,Tiny (<0.5%)
-1.031281,-0.970485,0.060796,5.895216,Significant (>=0.5%)
-0.973293,-0.973709,0.000416,0.042746,Significant (>=0.5%)
-1.383438,-1.336055,0.047383,3.424997,Significant (>=0.5%)
-0.113967,-0.204808,0.090841,79.707733,Tiny (<0.5%)
-0.071349,-0.224176,0.152827,214.198120,Tiny (<0.5%)
-0.704695,-0.764153,0.059458,8.437416,Significant (>=0.5%)
-0.795810,-0.594997,0.200812,25.233719,Significant (>=0.5%)
-0.196057,-0.195265,0.000791,0.403675,Tiny (<0.5%)
0.000000,-0.618378,0.618378,4336944640.000000,Tiny (<0.5%)
-0.732611,-0.662313,0.070298,9.595539,Significant (>=0.5%)
-0.796992,-1.091007,0.294014,36.890488,Significant (>=0.5%)
-1.309776,-1.311636,0.001860,0.142011,Significant (>=0.5%)
-0.197714,-0.180173,0.017541,8.872061,Tiny (<0.5%)
-1.742300,-1.381132,0.361169,20.729414,Significant (>=0.5%)
-0.681452,-0.556908,0.124544,18.276237,Significant (>=0.5%)
-1.906806,-1.412747,0.494059,25.910309,Significant (>=0.5%)
-1.077835,-1.024492,0.053343,4.949060,Significant (>=0.5%)
-0.042724,-0.046253,0.003530,8.261464,Tiny (<0.5%)
-0.028937,-0.042563,0.013626,47.088085,Tiny (<0.5%)
-0.149501,-0.155355,0.005854,3.915776,Tiny (<0.5%)
-1.655415,-1.708575,0.053160,3.211306,Significant (>=0.5%)
-1.357313,-1.346561,0.010752,0.792133,Significant (>=0.5%)
-0.016665,-0.009853,0.006812,40.878670,Tiny (<0.5%)
-0.529531,-0.526971,0.002561,0.483574,Significant (>=0.5%)
-0.564057,-0.539155,0.024902,4.414834,Significant (>=0.5%)
-0.977208,-1.109971,0.132762,13.585861,Significant (>=0.5%)
-0.787985,-0.798386,0.010402,1.320042,Significant (>=0.5%)
-2.830982,-2.354958,0.476024,16.814806,Significant (>=0.5%)
-1.658342,-1.410697,0.247645,14.933287,Significant (>=0.5%)
-0.210260,-0.178571,0.031689,15.071540,Tiny (<0.5%)
-0.021040,-0.043415,0.022375,106.345871,Tiny (<0.5%)
-0.980404,-1.346963,0.366559,37.388542,Significant (>=0.5%)
-0.596214,-0.511609,0.084605,14.190343,Significant (>=0.5%)
-0.180010,-0.208497,0.028487,15.825124,Tiny (<0.5%)
-0.403950,-0.432000,0.028049,6.943708,Tiny (<0.5%)
0.000000,-0.100569,0.100569,705335872.000000,Tiny (<0.5%)
-0.909161,-0.870593,0.038568,4.242150,Significant (>=0.5%)
-0.289422,-0.278330,0.011091,3.832278,Tiny (<0.5%)
-0.411077,-0.626653,0.215576,52.441849,Tiny (<0.5%)
-0.198398,-0.203496,0.005098,2.569468,Tiny (<0.5%)
-0.278944,-0.244392,0.034552,12.386634,Tiny (<0.5%)
-0.722809,-0.669151,0.053659,7.423627,Significant (>=0.5%)
0.000000,-0.024558,0.024558,172232656.000000,Tiny (<0.5%)
-2.386512,-2.198883,0.187629,7.862070,Significant (>=0.5%)
-0.854919,-1.063795,0.208877,24.432362,Significant (>=0.5%)
-0.776325,-0.676972,0.099352,12.797771,Significant (>=0.5%)
-0.462801,-0.493928,0.031127,6.725779,Tiny (<0.5%)
-0.639808,-0.737146,0.097338,15.213655,Significant (>=0.5%)
-0.305596,-0.301141,0.004456,1.458011,Tiny (<0.5%)
-0.418735,-0.267417,0.151317,36.136833,Tiny (<0.5%)
-0.016303,0.001318,0.017620,108.083870,Tiny (<0.5%)
-0.029494,-0.043039,0.013545,45.926327,Tiny (<0.5%)
-0.033104,-0.037493,0.004389,13.258593,Tiny (<0.5%)
-0.523810,-1.696864,1.173054,223.946732,Significant (>=0.5%)
-0.735343,-0.676802,0.058541,7.961073,Significant (>=0.5%)
-0.217317,-0.213632,0.003685,1.695529,Tiny (<0.5%)
-1.581476,-1.523270,0.058206,3.680505,Significant (>=0.5%)
-0.446402,-0.471510,0.025107,5.624380,Tiny (<0.5%)
-0.448378,-0.406720,0.041658,9.290907,Tiny (<0.5%)
-0.965201,-0.752829,0.212372,22.002836,Significant (>=0.5%)
-0.186573,-0.202361,0.015787,8.461696,Tiny (<0.5%)
-0.034668,-0.037903,0.003235,9.332086,Tiny (<0.5%)
-0.482792,-0.637826,0.155034,32.112049,Tiny (<0.5%)
-0.145099,-0.136738,0.008361,5.762223,Tiny (<0.5%)
-0.684136,-0.719712,0.035577,5.200258,Significant (>=0.5%)
-0.843422,-0.660912,0.182510,21.639240,Significant (>=0.5%)
-2.065207,-2.083075,0.017869,0.865217,Significant (>=0.5%)
-0.840090,-0.748890,0.091199,10.855917,Significant (>=0.5%)
-0.799562,-0.794372,0.005190,0.649085,Significant (>=0.5%)
-1.321692,-1.194149,0.127543,9.649968,Significant (>=0.5%)
-0.216369,-0.179940,0.036429,16.836422,Tiny (<0.5%)
-0.323900,-0.348301,0.024401,7.533585,Tiny (<0.5%)
-0.978506,-1.183295,0.204789,20.928761,Significant (>=0.5%)
-0.372764,-0.206249,0.166515,44.670303,Tiny (<0.5%)
-0.030589,-0.034070,0.003481,11.379150,Tiny (<0.5%)
-0.732452,-0.710487,0.021965,2.998771,Significant (>=0.5%)
0.000000,-0.017662,0.017662,123871328.000000,Tiny (<0.5%)
-1.927486,-1.857529,0.069958,3.629474,Significant (>=0.5%)
-0.293882,-0.284391,0.009491,3.229601,Tiny (<0.5%)
-0.219229,-0.189537,0.029692,13.543993,Tiny (<0.5%)
-0.759259,-0.663119,0.096141,12.662439,Significant (>=0.5%)
-1.325255,-1.297962,0.027293,2.059469,Significant (>=0.5%)
-0.517119,-0.532743,0.015624,3.021259,Significant (>=0.5%)
-0.590289,-0.591619,0.001330,0.225377,Significant (>=0.5%)
-0.181546,-0.160430,0.021117,11.631716,Tiny (<0.5%)
-0.966748,-0.705601,0.261147,27.012926,Significant (>=0.5%)
-0.241530,-0.212215,0.029315,12.137020,Tiny (<0.5%)
-0.036908,-0.055439,0.018530,50.206249,Tiny (<0.5%)
-0.611998,-0.954025,0.342026,55.886787,Significant (>=0.5%)
-0.411425,-0.732743,0.321318,78.098969,Tiny (<0.5%)
-0.885941,-0.964003,0.078062,8.811178,Significant (>=0.5%)
-1.414220,-1.310638,0.103583,7.324362,Significant (>=0.5%)
-0.205313,-0.143660,0.061653,30.028809,Tiny (<0.5%)
-0.024866,-0.055565,0.030699,123.455635,Tiny (<0.5%)
-0.043536,-0.026347,0.017188,39.481071,Tiny (<0.5%)
-0.637944,-0.631441,0.006504,1.019478,Significant (>=0.5%)
-1.061631,-1.047407,0.014224,1.339819,Significant (>=0.5%)
-1.031285,-0.784009,0.247275,23.977413,Significant (>=0.5%)
-2.081556,-1.647182,0.434374,20.867760,Significant (>=0.5%)
-0.064365,-0.102898,0.038533,59.865700,Tiny (<0.5%)
-0.372523,-0.417841,0.045319,12.165419,Tiny (<0.5%)
-1.250135,-1.233169,0.016966,1.357142,Significant (>=0.5%)
-0.239130,-0.584448,0.345317,144.405411,Tiny (<0.5%)
-0.273910,-0.295546,0.021637,7.899140,Tiny (<0.5%)
0.000000,-0.004459,0.004459,31269650.000000,Tiny (<0.5%)
-0.884014,-0.881466,0.002548,0.288262,Significant (>=0.5%)
-0.461947,-0.423872,0.038075,8.242276,Tiny (<0.5%)
-0.022193,-0.012487,0.009705,43.731964,Tiny (<0.5%)
-0.409441,-0.476424,0.066983,16.359707,Tiny (<0.5%)
0.000000,-0.006036,0.006036,42335384.000000,Tiny (<0.5%)
-0.538625,-0.597051,0.058426,10.847250,Significant (>=0.5%)
-2.056366,-1.825259,0.231108,11.238645,Significant (>=0.5%)
-0.303637,-0.366890,0.063253,20.831758,Tiny (<0.5%)
-0.880551,-0.848195,0.032355,3.674453,Significant (>=0.5%)
-1.290030,-1.360770,0.070740,5.483612,Significant (>=0.5%)
-0.847914,-1.043752,0.195838,23.096436,Significant (>=0.5%)
-0.318527,-0.228794,0.089733,28.171238,Tiny (<0.5%)
-0.713350,-0.813742,0.100392,14.073305,Significant (>=0.5%)
-0.858837,-0.781402,0.077436,9.016342,Significant (>=0.5%)
-0.202111,-0.294370,0.092259,45.647495,Tiny (<0.5%)
-0.015418,-0.016068,0.000650,4.216197,Tiny (<0.5%)
-0.539788,-0.466203,0.073585,13.632228,Significant (>=0.5%)
-1.238764,-1.377550,0.138786,11.203624,Significant (>=0.5%)
-0.114763,-0.205611,0.090848,79.161140,Tiny (<0.5%)
-0.119051,-0.123695,0.004644,3.900675,Tiny (<0.5%)
-0.165646,-0.194223,0.028576,17.251303,Tiny (<0.5%)
-0.353252,-0.431338,0.078086,22.104975,Tiny (<0.5%)
-0.605945,-0.643527,0.037582,6.202148,Significant (>=0.5%)
-1.768155,-1.622970,0.145185,8.211116,Significant (>=0.5%)
-0.230329,-0.225165,0.005164,2.241904,Tiny (<0.5%)
-0.343647,-0.310818,0.032829,9.553134,Tiny (<0.5%)
-0.137600,-0.140262,0.002662,1.934547,Tiny (<0.5%)
-0.526330,-0.697389,0.171059,32.500343,Significant (>=0.5%)
-0.402737,-0.423076,0.020338,5.050043,Tiny (<0.5%)
-0.347404,-0.387828,0.040423,11.635764,Tiny (<0.5%)
-1.131325,-0.962661,0.168663,14.908486,Significant (>=0.5%)
0.000000,-0.014512,0.014512,101777904.000000,Tiny (<0.5%)
-0.456561,-0.481883,0.025322,5.546234,Tiny (<0.5%)
-1.042649,-1.023508,0.019141,1.835779,Significant (>=0.5%)
-1.799088,-0.583107,1.215981,67.588768,Significant (>=0.5%)
-0.244518,-0.192503,0.052015,21.272385,Tiny (<0.5%)
-0.544705,-0.497499,0.047206,8.666309,Significant (>=0.5%)
-0.322947,-0.213339,0.109607,33.939758,Tiny (<0.5%)
-1.344717,-1.225360,0.119357,8.875985,Significant (>=0.5%)
-1.690415,-1.497172,0.193243,11.431683,Significant (>=0.5%)
-1.264313,-1.452203,0.187890,14.861038,Significant (>=0.5%)
-2.270520,-2.067538,0.202982,8.939888,Significant (>=0.5%)
0.000000,-0.019781,0.019781,138735296.000000,Tiny (<0.5%)
-1.187189,-1.076403,0.110786,9.331797,Significant (>=0.5%)
-2.298580,-1.265457,1.033123,44.946156,Significant (>=0.5%)
-0.484356,-0.422869,0.061487,12.694669,Tiny (<0.5%)
-0.028979,-0.026928,0.002051,7.076543,Tiny (<0.5%)
-1.870907,-1.973688,0.102781,5.493648,Significant (>=0.5%)
-0.128257,-0.164688,0.036432,28.405220,Tiny (<0.5%)
-0.934738,-1.035666,0.100929,10.797533,Significant (>=0.5%)
-0.890908,-0.899543,0.008634,0.969160,Significant (>=0.5%)
-0.831997,-0.872321,0.040324,4.846655,Significant (>=0.5%)
-0.428363,-0.429990,0.001627,0.379706,Tiny (<0.5%)
-1.221549,-1.391674,0.170125,13.927011,Significant (>=0.5%)
-0.016303,0.003407,0.019710,120.901642,Tiny (<0.5%)
-0.369231,-0.061307,0.307924,83.396088,Tiny (<0.5%)
-1.369777,-1.882828,0.513051,37.455032,Significant (>=0.5%)
-0.229831,-0.244110,0.014280,6.213121,Tiny (<0.5%)
-1.940049,-1.045954,0.894095,46.086197,Significant (>=0.5%)
-0.695748,-0.874471,0.178723,25.687889,Significant (>=0.5%)
-0.177883,-0.180313,0.002430,1.366081,Tiny (<0.5%)
-0.441280,-0.444612,0.003332,0.754979,Tiny (<0.5%)
-0.084400,-0.100865,0.016465,19.507969,Tiny (<0.5%)
-0.238631,-0.289887,0.051257,21.479464,Tiny (<0.5%)
-0.694143,-0.860405,0.166263,23.952255,Significant (>=0.5%)
-1.438641,-1.609684,0.171043,11.889198,Significant (>=0.5%)
-0.871894,-0.821133,0.050760,5.821835,Significant (>=0.5%)
-0.199748,-0.160582,0.039165,19.607367,Tiny (<0.5%)
-0.382556,-0.383052,0.000496,0.129529,Tiny (<0.5%)
-0.411598,-0.370621,0.040977,9.955510,Tiny (<0.5%)
-1.907949,-1.141733,0.766217,40.159172,Significant (>=0.5%)
-0.792285,-0.800319,0.008034,1.014042,Significant (>=0.5%)
-0.431963,-0.430886,0.001077,0.249423,Tiny (<0.5%)
-1.082927,-1.056353,0.026574,2.453885,Significant (>=0.5%)
-0.377468,-0.460871,0.083403,22.095366,Tiny (<0.5%)
-0.016636,-0.006955,0.009681,58.192669,Tiny (<0.5%)
0.000000,-0.019800,0.019800,138864880.000000,Tiny (<0.5%)
-0.126631,-0.183234,0.056603,44.699165,Tiny (<0.5%)
-0.558644,-0.701681,0.143037,25.604313,Significant (>=0.5%)
-1.316929,-1.570549,0.253619,19.258373,Significant (>=0.5%)
-0.151953,-0.123746,0.028206,18.562653,Tiny (<0.5%)
0.000000,-0.020056,0.020056,140663264.000000,Tiny (<0.5%)
-0.017817,-0.005506,0.012311,69.097809,Tiny (<0.5%)
-0.396535,-0.455973,0.059438,14.989297,Tiny (<0.5%)
-0.292174,-0.276587,0.015587,5.334714,Tiny (<0.5%)
-0.258631,-0.093557,0.165074,63.825996,Tiny (<0.5%)
-0.993962,-1.040963,0.047001,4.728676,Significant (>=0.5%)
-0.396407,-0.439310,0.042903,10.823039,Tiny (<0.5%)
-0.196173,-0.162224,0.033949,17.305582,Tiny (<0.5%)
-0.624581,-0.762011,0.137430,22.003527,Significant (>=0.5%)
-0.017518,-0.003320,0.014197,81.045120,Tiny (<0.5%)
-0.740471,-0.854337,0.113866,15.377527,Significant (>=0.5%)
-0.467861,-0.500036,0.032175,6.876975,Tiny (<0.5%)
-1.854330,-1.001998,0.852332,45.964424,Significant (>=0.5%)
-0.595640,-1.195754,0.600115,100.751320,Significant (>=0.5%)
-0.227489,-0.230106,0.002617,1.150215,Tiny (<0.5%)
-0.248849,-0.236630,0.012219,4.910208,Tiny (<0.5%)
-0.705686,-0.695998,0.009688,1.372801,Significant (>=0.5%)
-0.025960,-0.031339,0.005379,20.719894,Tiny (<0.5%)
-0.320555,-0.363748,0.043193,13.474332,Tiny (<0.5%)
-1.170931,-1.270708,0.099777,8.521196,Significant (>=0.5%)
-0.295431,-0.317746,0.022314,7.553131,Tiny (<0.5%)
-0.316272,-0.224401,0.091871,29.048073,Tiny (<0.5%)
-1.677441,-1.526019,0.151422,9.026974,Significant (>=0.5%)
-0.709894,-0.740604,0.030709,4.325893,Significant (>=0.5%)
-0.575207,-0.485107,0.090101,15.664051,Significant (>=0.5%)
-0.021876,-0.005604,0.016272,74.384758,Tiny (<0.5%)
-0.523789,-0.418349,0.105440,20.130219,Significant (>=0.5%)
-0.350299,-0.331760,0.018539,5.292253,Tiny (<0.5%)
-0.665678,-0.649505,0.016172,2.429457,Significant (>=0.5%)
-0.035872,-0.049482,0.013610,37.939896,Tiny (<0.5%)
-2.158326,-2.242331,0.084004,3.892108,Significant (>=0.5%)
-0.332675,-0.366116,0.033441,10.052155,Tiny (<0.5%)
-0.324443,-0.375940,0.051497,15.872322,Tiny (<0.5%)
-0.522562,-0.574378,0.051816,9.915782,Significant (>=0.5%)
-1.043194,-1.132437,0.089243,8.554754,Significant (>=0.5%)
-0.022319,-0.013785,0.008534,38.237247,Tiny (<0.5%)
-0.926522,-0.861367,0.065155,7.032252,Significant (>=0.5%)
-0.415063,-0.574346,0.159283,38.375587,Tiny (<0.5%)
-0.504349,-0.629921,0.125571,24.897633,Significant (>=0.5%)
-0.859286,-0.742090,0.117196,13.638733,Significant (>=0.5%)
-0.422946,-0.508942,0.085996,20.332623,Tiny (<0.5%)
-1.090925,-1.123836,0.032910,3.016737,Significant (>=0.5%)
-1.070511,-1.035301,0.035210,3.289107,Significant (>=0.5%)
-0.468480,-0.451812,0.016668,3.557908,Tiny (<0.5%)
-0.136537,-0.142224,0.005687,4.164988,Tiny (<0.5%)
-0.922402,-1.165610,0.243207,26.366741,Significant (>=0.5%)
-1.025783,-1.113254,0.087472,8.527315,Significant (>=0.5%)
-0.107999,-0.082544,0.025455,23.569918,Tiny (<0.5%)
-0.492730,-0.450805,0.041925,8.508773,Tiny (<0.5%)
-0.019960,-0.015331,0.004630,23.194658,Tiny (<0.5%)
-0.742857,-0.736959,0.005898,0.793969,Significant (>=0.5%)
-0.340754,-0.348873,0.008119,2.382705,Tiny (<0.5%)
-0.019634,-0.012278,0.007355,37.462418,Tiny (<0.5%)
-0.243711,-0.221744,0.021967,9.013465,Tiny (<0.5%)
-0.743165,-0.161031,0.582135,78.331749,Significant (>=0.5%)
-0.235192,-0.298703,0.063511,27.004009,Tiny (<0.5%)
-0.631550,-0.727756,0.096206,15.233390,Significant (>=0.5%)
-0.104682,-0.126142,0.021460,20.500299,Tiny (<0.5%)
-0.253794,-0.246091,0.007702,3.034927,Tiny (<0.5%)
-0.248810,-0.243073,0.005737,2.305741,Tiny (<0.5%)
-0.030274,-0.034494,0.004219,13.936229,Tiny (<0.5%)
-2.669173,-1.640376,1.028797,38.543652,Significant (>=0.5%)
-0.014466,-0.004656,0.009810,67.815048,Tiny (<0.5%)
-1.784859,-1.632859,0.151999,8.516045,Significant (>=0.5%)
-0.071583,-0.080493,0.008909,12.445838,Tiny (<0.5%)
-1.082417,-1.050200,0.032218,2.976441,Significant (>=0.5%)
-0.193486,-0.158228,0.035259,18.222788,Tiny (<0.5%)
-0.264953,-0.256583,0.008370,3.159084,Tiny (<0.5%)
-0.471640,-0.435661,0.035979,7.628511,Tiny (<0.5%)
-0.117569,-0.207783,0.090214,76.732948,Tiny (<0.5%)
-0.773866,-0.688985,0.084881,10.968397,Significant (>=0.5%)
-0.519134,-0.596206,0.077072,14.846282,Significant (>=0.5%)
-0.606989,-0.555783,0.051206,8.436090,Significant (>=0.5%)
-0.357872,-0.334504,0.023368,6.529777,Tiny (<0.5%)
-0.019960,-0.015477,0.004483,22.460960,Tiny (<0.5%)
-2.769190,-1.889662,0.879528,31.761200,Significant (>=0.5%)
-0.489622,-0.537739,0.048117,9.827398,Tiny (<0.5%)
-0.148958,-0.118003,0.030955,20.781002,Tiny (<0.5%)
-0.020589,-0.018691,0.001898,9.217771,Tiny (<0.5%)
-1.897288,-1.694928,0.202360,10.665735,Significant (>=0.5%)
-1.444893,-0.953056,0.491837,34.039680,Significant (>=0.5%)
-0.179654,-0.181694,0.002040,1.135551,Tiny (<0.5%)
-0.604413,-0.977711,0.373299,61.762238,Significant (>=0.5%)
-1.262616,-1.189855,0.072761,5.762704,Significant (>=0.5%)
-0.016665,-0.010923,0.005742,34.454281,Tiny (<0.5%)
-0.728805,-0.641242,0.087563,12.014632,Significant (>=0.5%)
-1.393316,-0.938016,0.455300,32.677441,Significant (>=0.5%)
-2.276375,-1.567911,0.708464,31.122446,Significant (>=0.5%)
-0.145698,-0.154969,0.009271,6.363420,Tiny (<0.5%)
-0.099228,-0.164653,0.065424,65.933075,Tiny (<0.5%)
-0.482184,-0.432193,0.049991,10.367615,Tiny (<0.5%)
-1.236058,-1.309265,0.073207,5.922609,Significant (>=0.5%)
-0.020589,-0.020738,0.000149,0.724626,Tiny (<0.5%)
-1.336897,-1.897103,0.560206,41.903408,Significant (>=0.5%)
-0.362460,-0.601959,0.239499,66.076050,Tiny (<0.5%)
-1.599878,-1.763880,0.164002,10.250886,Significant (>=0.5%)
-0.868486,-0.823861,0.044625,5.138236,Significant (>=0.5%)
-0.222589,-0.341178,0.118589,53.277134,Tiny (<0.5%)
0.000000,-0.030058,0.030058,210810752.000000,Tiny (<0.5%)
-0.322514,-0.324460,0.001947,0.603599,Tiny (<0.5%)
-0.553757,-0.502455,0.051303,9.264487,Significant (>=0.5%)
-0.476239,-0.440603,0.035636,7.482822,Tiny (<0.5%)
-0.267854,-0.312846,0.044992,16.797218,Tiny (<0.5%)
-0.350192,-0.342177,0.008016,2.288923,Tiny (<0.5%)
-0.182485,-0.186839,0.004354,2.386021,Tiny (<0.5%)
-0.020457,-0.016766,0.003690,18.040199,Tiny (<0.5%)
-1.065197,-1.066347,0.001150,0.107996,Significant (>=0.5%)
-1.486549,-1.525679,0.039130,2.632301,Significant (>=0.5%)
-1.672702,-1.445758,0.226944,13.567516,Significant (>=0.5%)
-0.480208,-0.575841,0.095633,19.914808,Tiny (<0.5%)
-0.935408,-0.596265,0.339143,36.256161,Significant (>=0.5%)
-0.282856,-0.499937,0.217082,76.746544,Tiny (<0.5%)
-0.354294,-0.329361,0.024933,7.037490,Tiny (<0.5%)
-0.602849,-1.194143,0.591293,98.083122,Significant (>=0.5%)
-0.015016,-0.004796,0.010220,68.060036,Tiny (<0.5%)
-0.604828,-0.602075,0.002753,0.455243,Significant (>=0.5%)
-0.026690,-0.046751,0.020061,75.161613,Tiny (<0.5%)
-0.393569,-0.368662,0.024907,6.328491,Tiny (<0.5%)
-1.307642,-1.483523,0.175881,13.450205,Significant (>=0.5%)
-0.610644,-0.597937,0.012706,2.080821,Significant (>=0.5%)
-1.401523,-0.865923,0.535600,38.215569,Significant (>=0.5%)
-0.413516,-0.423223,0.009707,2.347314,Tiny (<0.5%)
-0.837358,-0.754029,0.083328,9.951325,Significant (>=0.5%)
-0.388181,-0.388719,0.000538,0.138624,Tiny (<0.5%)
-0.329315,-0.354835,0.025520,7.749568,Tiny (<0.5%)
-1.184538,-1.634436,0.449898,37.980827,Significant (>=0.5%)
-0.356253,-0.689668,0.333415,93.589264,Tiny (<0.5%)
-0.187349,-0.214826,0.027476,14.665869,Tiny (<0.5%)
-1.704900,-1.685634,0.019266,1.130052,Significant (>=0.5%)
-0.032023,-0.023309,0.008714,27.211571,Tiny (<0.5%)
0.000000,0.003950,0.003950,27705924.000000,Tiny (<0.5%)
-0.748688,-0.814127,0.065438,8.740414,Significant (>=0.5%)
-0.568992,-0.433182,0.135810,23.868559,Significant (>=0.5%)
-0.881188,-0.920389,0.039201,4.448609,Significant (>=0.5%)
-1.092471,-0.919963,0.172508,15.790629,Significant (>=0.5%)
-1.728758,-1.487856,0.240902,13.934973,Significant (>=0.5%)
-0.026784,-0.017577,0.009207,34.376076,Tiny (<0.5%)
-1.060429,-0.901254,0.159175,15.010399,Significant (>=0.5%)
-0.222375,-0.213914,0.008461,3.804953,Tiny (<0.5%)
-0.956720,-1.203460,0.246740,25.790218,Significant (>=0.5%)
-0.465389,-0.471504,0.006115,1.313934,Tiny (<0.5%)
-1.004622,-1.263558,0.258935,25.774410,Significant (>=0.5%)
-0.210432,-0.199202,0.011230,5.336423,Tiny (<0.5%)
-0.868040,-0.567035,0.301005,34.676418,Significant (>=0.5%)
-0.073461,-0.076725,0.003264,4.443174,Tiny (<0.5%)
-0.153138,-0.148453,0.004685,3.059128,Tiny (<0.5%)
-0.214364,-0.209215,0.005149,2.401941,Tiny (<0.5%)
-0.389800,-0.398141,0.008341,2.139794,Tiny (<0.5%)
-2.044029,-1.768215,0.275814,13.493654,Significant (>=0.5%)
-0.199537,-0.165623,0.033915,16.996744,Tiny (<0.5%)
-1.409736,-1.856480,0.446745,31.689947,Significant (>=0.5%)
-0.608854,-0.604333,0.004521,0.742574,Significant (>=0.5%)
0.000000,0.012181,0.012181,85432840.000000,Tiny (<0.5%)
-0.305915,-0.504987,0.199072,65.074333,Tiny (<0.5%)
-0.489757,-0.464912,0.024845,5.072923,Tiny (<0.5%)
-1.397872,-1.565059,0.167187,11.960123,Significant (>=0.5%)
-0.147096,-0.132476,0.014620,9.938952,Tiny (<0.5%)
-0.167205,-0.174857,0.007651,4.576057,Tiny (<0.5%)
-0.666667,-0.707222,0.040555,6.083303,Significant (>=0.5%)
-1.473836,-1.535648,0.061812,4.193955,Significant (>=0.5%)
-0.554782,-0.554470,0.000312,0.056319,Significant (>=0.5%)
-0.594179,-0.890827,0.296648,49.925728,Significant (>=0.5%)
-0.404502,-0.412946,0.008444,2.087588,Tiny (<0.5%)
-0.460016,-0.338845,0.121171,26.340601,Tiny (<0.5%)
-0.038924,-0.040816,0.001892,4.860859,Tiny (<0.5%)
-0.300804,-0.218798,0.082006,27.262384,Tiny (<0.5%)
-1.689872,-1.827126,0.137253,8.122110,Significant (>=0.5%)
-0.564944,-0.574282,0.009338,1.652932,Significant (>=0.5%)
-0.274229,-0.242648,0.031582,11.516491,Tiny (<0.5%)
-0.867064,-0.711870,0.155194,17.898794,Significant (>=0.5%)
-0.642930,-0.649497,0.006567,1.021390,Significant (>=0.5%)
-0.205603,-0.204468,0.001136,0.552291,Tiny (<0.5%)
-0.208400,-0.205810,0.002589,1.242519,Tiny (<0.5%)
-0.591381,-0.618152,0.026771,4.526842,Significant (>=0.5%)
-0.362681,-0.262865,0.099817,27.521824,Tiny (<0.5%)
0.000000,-0.020133,0.020133,141204624.000000,Tiny (<0.5%)
0.000000,-0.010538,0.010538,73908944.000000,Tiny (<0.5%)
-0.543521,-0.640295,0.096774,17.804943,Significant (>=0.5%)
-0.040179,-0.044889,0.004709,11.720555,Tiny (<0.5%)
-0.254401,-0.209398,0.045003,17.689960,Tiny (<0.5%)
-1.202583,-1.081431,0.121152,10.074309,Significant (>=0.5%)
-1.000000,-0.865731,0.134269,13.426924,Significant (>=0.5%)
-0.218408,-0.212598,0.005810,2.660330,Tiny (<0.5%)
-0.236859,-0.219186,0.017673,7.461569,Tiny (<0.5%)
-2.464339,-2.295954,0.168385,6.832878,Significant (>=0.5%)
-1.884225,-1.034610,0.849615,45.090950,Significant (>=0.5%)
-0.472356,-0.396867,0.075489,15.981418,Tiny (<0.5%)
-1.086137,-1.179765,0.093628,8.620260,Significant (>=0.5%)
-0.896213,-1.112819,0.216606,24.169094,Significant (>=0.5%)
-0.204892,-0.196837,0.008055,3.931107,Tiny (<0.5%)
-0.629605,-0.840475,0.210870,33.492359,Significant (>=0.5%)
-0.386559,-0.639173,0.252613,65.349182,Tiny (<0.5%)
-0.543103,-0.508904,0.034199,6.296974,Significant (>=0.5%)
-1.245930,-1.347834,0.101904,8.178986,Significant (>=0.5%)
-0.515805,-0.561430,0.045625,8.845419,Significant (>=0.5%)
-0.015418,-0.016809,0.001392,9.025435,Tiny (<0.5%)
-0.158412,-0.190821,0.032409,20.458628,Tiny (<0.5%)
-0.812756,-0.838602,0.025846,3.180028,Significant (>=0.5%)
-0.823474,-0.934641,0.111167,13.499801,Significant (>=0.5%)
-0.931161,-0.484925,0.446235,47.922474,Significant (>=0.5%)
-0.927472,-0.690179,0.237293,25.584906,Significant (>=0.5%)
-0.311332,-0.363083,0.051751,16.622293,Tiny (<0.5%)
0.000000,-0.019994,0.019994,140223072.000000,Tiny (<0.5%)
-1.477298,-1.400718,0.076580,5.183815,Significant (>=0.5%)
-0.556025,-0.612461,0.056436,10.149936,Significant (>=0.5%)
-0.242987,-0.286259,0.043272,17.808323,Tiny (<0.5%)
-0.794527,-0.745389,0.049138,6.184528,Significant (>=0.5%)
-0.170558,-0.165539,0.005019,2.942461,Tiny (<0.5%)
-0.345308,-0.537232,0.191923,55.580257,Tiny (<0.5%)
-0.338054,-0.378364,0.040310,11.924007,Tiny (<0.5%)
-0.543531,-0.631176,0.087644,16.124989,Significant (>=0.5%)
-0.022565,-0.033242,0.010677,47.316025,Tiny (<0.5%)
-0.234258,-0.291586,0.057328,24.472057,Tiny (<0.5%)
-0.536212,-0.459804,0.076407,14.249438,Significant (>=0.5%)
-0.426836,-0.446271,0.019435,4.553319,Tiny (<0.5%)
-0.019634,-0.010363,0.009271,47.218739,Tiny (<0.5%)
-0.250916,-0.229592,0.021324,8.498487,Tiny (<0.5%)
-0.183983,-0.181277,0.002706,1.470689,Tiny (<0.5%)
-1.095153,-1.423031,0.327879,29.939100,Significant (>=0.5%)
0.000000,-0.238360,0.238360,1671715840.000000,Tiny (<0.5%)
-0.535302,-0.702980,0.167677,31.323830,Significant (>=0.5%)
-0.563424,-0.452026,0.111399,19.771713,Significant (>=0.5%)
-0.642406,-0.632192,0.010214,1.589956,Significant (>=0.5%)
